time,uol,wol,uol_block,wol_block,upi,wpi,upi_block,wpi_block,upid,wpid,upid_block,wpid_block,r
0,0,0,0,0,0,0,0,0,0,0,0,0,0
0.1,0,0,0,0,0,0,0,0,0,0,0,0,0
0.2,0,0,0,0,0,0,0,0,0,0,0,0,0
0.3,0,0,0,0,0,0,0,0,0,0,0,0,0
0.4,0,0,0,0,0,0,0,0,0,0,0,0,0
0.5,0,0,0,0,0,0,0,0,0,0,0,0,0
0.6,0,0,0,0,0,0,0,0,0,0,0,0,0
0.7,0,0,0,0,0,0,0,0,0,0,0,0,0
0.8,0,0,0,0,0,0,0,0,0,0,0,0,0
0.9,0,0,0,0,0,0,0,0,0,0,0,0,0
1,1,0,1,0,0.001,0,0.001,0,0.101,0,0.101,0,1
1.1,1,0,1,0,0.003,0,0.003,0,0.003,0,0.003,0,1
1.2,1,0.2,1,0.2,0.0049998,0.0002,0.0049998,0.0002,0.00295979999999999,0.0202,0.00295979999999999,0.0202,1
1.3,1,0.594,1,0.594,0.006998606,0.000994,0.006998606,0.000994,0.00489980600000001,0.040394,0.00489980600000001,0.040394,1
1.4,1,1.17214,1,1.17214,0.0089948519,0.0027601,0.0089948519,0.0027601,0.00684143589999999,0.0601661,0.00684143589999999,0.0601661,1
1.5,1,1.920937,1,1.920937,0.0109862389406,0.0058528594,0.0109862389406,0.0058528594,0.0087446768206,0.0795090394,0.0087446768206,0.0795090394,1
1.6,1,2.823592862,1,2.823592862,0.012969790028822,0.010596052378,0.012969790028822,0.010596052378,0.010609478780822,0.098424622578,0.010609478780822,0.098424622578,1
1.7,1,3.86036612074,1,3.86036612074,0.0149419180068491,0.0172759695949,0.0149419180068491,0.0172759695949,0.0124366000399251,0.1169155910289,0.0124366000399251,0.1169155910289,1
1.8,1,5.0089996059054,1,5.0089996059054,0.0168985066302112,0.0261354070430218,0.0168985066302112,0.0261354070430218,0.0142267999674337,0.134985548806362,0.0142267999674337,0.134985548806362,1
1.9,1,6.24519469087689,1,6.24519469087689,0.0188350027527849,0.0373684703832528,0.0188350027527849,0.0373684703832528,0.0159808227521199,0.152639032919701,0.0159808227521199,0.152639032919701,1
2,1,7.54312213125995,1,7.54312213125995,0.0207465179744746,0.05111630792705,0.0207465179744746,0.05111630792705,0.0176993974163631,0.169881564417238,0.0176993974163631,0.169881564417238,1
2.1,1,8.8759588156758,1,8.8759588156758,0.0226279377987542,0.0674638677933487,0.0226279377987542,0.0674638677933487,0.0193832381618386,0.186719676055295,0.0193832381618386,0.186719676055295,1
2.2,1,10.2164393325077,1,10.2164393325077,0.0244740361759224,0.0864377550384268,0.0244740361759224,0.0864377550384268,0.0210330447162668,0.203160916226255,0.0210330447162668,0.203160916226255,1
2.3,1,11.537411065758,1,11.537411065758,0.0262795931777875,0.108005243096478,0.0262795931777875,0.108005243096478,0.0226495026735802,0.219213829368137,0.0226495026735802,0.219213829368137,1
2.4,1,12.8123815724942,1,12.8123815724942,0.0280395134635949,0.132074471096196,0.0280395134635949,0.132074471096196,0.0242332838265381,0.234887913551245,0.0242332838265381,0.234887913551245,1
2.5,1,14.0160472604999,1,14.0160472604999,0.0297489431575177,0.15849583498093,0.0297489431575177,0.15849583498093,0.0257850464909979,0.25019355639034,0.0257850464909979,0.25019355639034,1
2.6,1,15.1247928701011,1,15.1247928701011,0.0314033827662111,0.187064556325699,0.0314033827662111,0.187064556325699,0.0273054358211118,0.265141950855834,0.0273054358211118,0.265141950855834,1
2.7,1,16.1171519567522,1,16.1171519567522,0.0329987938210904,0.217524388795013,0.0329987938210904,0.217524388795013,0.0287950841147945,0.279744992946479,0.0287950841147945,0.279744992946479,1
2.8,1,16.9742194548277,1,16.9742194548277,0.0345316970334897,0.249572398805711,0.0345316970334897,0.249572398805711,0.0302546111088951,0.294015163531338,0.0302546111088952,0.294015163531338,1
2.9,1,17.6800084584345,1,17.6800084584345,0.0359992599000573,0.282864734626647,0.0359992599000573,0.282864734626647,0.0316846242636103,0.307965396964092,0.0316846242636103,0.307965396964092,1
3,1,18.2217445589456,1,18.2217445589456,0.0373993718881069,0.317023277323778,0.0373993718881069,0.317023277323778,0.0330857190357876,0.321608939312309,0.0330857190357876,0.321608939312309,1
3.1,1,18.590092405581,1,18.590092405581,0.0387307055627026,0.351643048080547,0.0387307055627026,0.351643048080547,0.034458479140891,0.334959199224127,0.034458479140891,0.334959199224127,1
3.2,1,18.7793105767266,1,18.7793105767266,0.0399927622847317,0.386300229890295,0.0399927622847317,0.386300229890295,0.0358034768035258,0.348029594571639,0.0358034768035258,0.348029594571639,1
3.3,1,18.7873323361452,1,18.7873323361452,0.0411859014070543,0.420560647787063,0.0411859014070543,0.420560647787063,0.0371212729965491,0.360833398062577,0.0371212729965491,0.360833398062577,1
3.4,1,18.6157713691313,1,18.6157713691313,0.0423113522183072,0.453988540960091,0.0423113522183072,0.453988540960091,0.0384124176689244,0.373383584999144,0.0384124176689244,0.373383584999144,1
3.5,1,18.2698531179376,1,18.2698531179376,0.0433712082248131,0.486155452534041,0.0433712082248131,0.486155452534041,0.0396774499626043,0.385692686286061,0.0396774499626043,0.385692686286061,1
3.6,1,17.7582738326234,1,17.7582738326234,0.044368403713602,0.516649058677039,0.044368403713602,0.516649058677039,0.0409168984188476,0.397772649651172,0.0409168984188476,0.397772649651172,1
3.7,1,17.0929908928862,1,17.0929908928862,0.0453066728967854,0.545081758139522,0.0453066728967854,0.545081758139522,0.0421312811744926,0.409634711844872,0.0421312811744926,0.409634711844872,1
3.8,1,16.2889493099221,1,16.2889493099221,0.0461904922922703,0.571098846375576,0.0461904922922703,0.571098846375576,0.0433211061488137,0.421289284333577,0.0433211061488137,0.421289284333577,1
3.9,1,15.3637505584107,1,15.3637505584107,0.0470250073408653,0.594386105029486,0.0470250073408653,0.594386105029486,0.0444868712216798,0.432745854703253,0.0444868712216798,0.432745854703253,1
4,1,14.3372709933842,1,14.3372709933842,0.0478159445881503,0.614676647685446,0.0478159445881503,0.614676647685446,0.045629064403815,0.444012905648063,0.045629064403815,0.444012905648063,1
4.1,1,13.2312380540286,1,13.2312380540286,0.0485695110642566,0.631756876208305,0.0485695110642566,0.631756876208305,0.0467481640000245,0.455097853043859,0.0467481640000245,0.455097853043859,1
4.2,1,12.0687732287872,1,12.0687732287872,0.0492922827695384,0.645471418509863,0.0492922827695384,0.645471418509863,0.0478446387662964,0.466007004204454,0.0478446387662964,0.466007004204454,1
4.3,1,10.8739113396118,1,10.8739113396118,0.0499910844131727,0.655726937855817,0.0499910844131727,0.655726937855817,0.048918948061723,0.476745536998749,0.048918948061723,0.476745536998749,1
4.4,1,9.6711060878901,1,9.6711060878901,0.0506728627497955,0.662494725521401,0.0506728627497955,0.662494725521401,0.0499715419961967,0.487317500077545,0.0499715419961967,0.487317500077545,1
4.5,1,8.4847319846599,1,8.4847319846599,0.0513445560119791,0.665812012294964,0.0513445560119791,0.665812012294964,0.0510028615748296,0.497725834028947,0.0510028615748296,0.497725834028947,1
4.6,1,7.33859276155123,1,7.33859276155123,0.0520129620401244,0.665781959559748,0.0520129620401244,0.665781959559748,0.0520133388400281,0.50797241285948,0.0520133388400281,0.50797241285948,1
4.7,1,6.25544612904569,1,6.25544612904569,0.0526846077636041,0.662572316960625,0.0526846077636041,0.662572316960625,0.0530033970121094,0.518058104792678,0.0530033970121094,0.518058104792678,1
4.8,1,5.25655432173198,1,5.25655432173198,0.053365622686179,0.656412760464394,0.053365622686179,0.656412760464394,0.0539734506292958,0.527982850996124,0.0539734506292958,0.527982850996124,1
4.9,1,4.36126925683096,1,4.36126925683096,0.0540616189743015,0.647590951413166,0.0540616189743015,0.647590951413166,0.05492390568785,0.537745760499076,0.05492390568785,0.537745760499076,1
5,1,3.58666034657799,1,3.58666034657799,0.054777580639479,0.63644738340933,0.054777580639479,0.63644738340933,0.0558551597830333,0.547345219252678,0.0558551597830333,0.547345219252678,1
5.1,1,2.94719206464461,1,2.94719206464461,0.0555177641470477,0.623369109021924,0.0555177641470477,0.623369109021924,0.0567676022514734,0.55677901101916,0.0567676022514734,0.55677901101916,1
5.2,1,2.45445729216837,1,2.45445729216837,0.0562856125761766,0.608782461849167,0.0562856125761766,0.608782461849167,0.0576616143154231,0.56604444756035,0.0576616143154231,0.56604444756035,1
5.3,1,2.11697128316059,1,2.11697128316059,0.0570836852034087,0.593144910918759,0.0570836852034087,0.593144910918759,0.0585375692292825,0.575138505433012,0.0585375692292825,0.575138505433012,1
5.4,1,1.94002981712124,1,1.94002981712124,0.0579136040891878,0.576936203302146,0.0579136040891878,0.576936203302146,0.0593958324286391,0.58405796659186,0.0593958324286391,0.58405796659186,1
5.5,1,1.92563377514323,1,1.92563377514323,0.0587760189191315,0.560648966754154,0.0587760189191315,0.560648966754154,0.0602367616819608,0.592799559952052,0.0602367616819608,0.592799559952052,1
5.6,1,2.07248101211871,1,2.07248101211871,0.0596705909955636,0.544778956813736,0.0596705909955636,0.544778956813736,0.0610607072449601,0.601360101072011,0.0610607072449601,0.601360101072011,1
5.7,1,2.37602502972703,1,2.37602502972703,0.060595996896923,0.529815141826923,0.060595996896923,0.529815141826923,0.0618680120175281,0.609736627183731,0.0618680120175281,0.609736627183731,1
5.8,1,2.82859861036231,1,2.82859861036231,0.0615499519305348,0.51622982456119,0.0615499519305348,0.51622982456119,0.0626590117030264,0.617926524919437,0.0626590117030264,0.617926524919437,1
5.9,1,3.41959927797804,1,3.41959927797804,0.0625292531056457,0.504469000327909,0.0625292531056457,0.504469000327909,0.0634340349696172,0.625927648257466,0.0634340349696172,0.625927648257466,1
6,1,4.13573223363598,1,4.13573223363598,0.0635298409565662,0.494943148751598,0.0635298409565662,0.494943148751598,0.0641934036132179,0.633738424432588,0.0641934036132179,0.633738424432588,1
6.1,1,4.96130529520902,1,4.96130529520902,0.0645468791582776,0.488018649537081,0.0645468791582776,0.488018649537081,0.0649374327215769,0.641357945821578,0.0649374327215769,0.641357945821578,1
6.2,1,5.87856937381543,1,5.87856937381543,0.065574850506855,0.484010001885531,0.065574850506855,0.484010001885531,0.0656664308388937,0.648786046118004,0.0656664308388937,0.648786046118004,1
6.3,1,6.86809716310042,1,6.86809716310042,0.0666076674921949,0.483173012774534,0.0666076674921949,0.483173012774534,0.0663807001303488,0.656023359444256,0.0663807001303488,0.656023359444256,1
6.4,1,7.9091920173558,1,7.9091920173558,0.0676387953780202,0.48569910140015,0.0676387953780202,0.48569910140015,0.0670805365458569,0.663071361406916,0.0670805365458569,0.663071361406916,1
6.5,1,8.98031846328888,1,8.98031846328888,0.0686613854306126,0.491710846007391,0.0686613854306126,0.491710846007391,0.0677662299823324,0.669932391475992,0.0677662299823324,0.669932391475992,1
6.6,1,10.0595454370934,1,10.0595454370934,0.0696684157091015,0.501258875503735,0.0696684157091015,0.501258875503735,0.0684380644437367,0.676609656451747,0.0684380644437367,0.676609656451747,1
6.7,1,11.1249931687253,1,11.1249931687253,0.0706528366514858,0.514320182111963,0.0706528366514858,0.514320182111963,0.0690963181981802,0.683107215166881,0.0690963181981802,0.683107215166881,1
6.8,1,12.155274650579,1,12.155274650579,0.0716077185659953,0.530797903378589,0.0716077185659953,0.530797903378589,0.0697412639313675,0.689429944948983,0.0697412639313675,0.689429944948983,1
6.9,1,13.1299228259688,1,13.1299228259688,0.0725263980699579,0.550522592658851,0.0725263980699579,0.550522592658851,0.0703731688957074,0.695583490730887,0.0703731688957074,0.695583490730887,1
7,1,14.0297950081553,1,14.0297950081553,0.0734026205099733,0.573254967325657,0.0734026205099733,0.573254967325657,0.0709922950544542,0.701574198037638,0.0709922950544542,0.701574198037638,1
7.1,1,14.8374465837915,1,14.8374465837915,0.0742306754486529,0.598690093994742,0.0742306754486529,0.598690093994742,0.0715988992203075,0.707409031391564,0.0715988992203075,0.707409031391564,1
7.2,1,15.537466752994,1,15.537466752994,0.0750055224140324,0.626462940625771,0.0750055224140324,0.626462940625771,0.0721932331879693,0.713095479955403,0.0721932331879693,0.713095479955403,1
7.3,1,16.1167698961278,1,16.1167698961278,0.0757229042763577,0.656155197048905,0.0757229042763577,0.656155197048905,0.0727755438602379,0.718641452472279,0.0727755438602379,0.718641452472279,1
7.4,1,16.5648371165571,1,16.5648371165571,0.0763794458404473,0.687303238861511,0.0763794458404473,0.687303238861511,0.0733460733673107,0.724055163756143,0.0733460733673107,0.724055163756143,1
7.5,1,16.8739035684717,1,16.8739035684717,0.0769727355162912,0.719407085294623,0.0769727355162912,0.719407085294623,0.0739050591790617,0.729345015133598,0.0739050591790618,0.729345015133598,1
7.6,1,17.0390883170744,1,17.0390883170744,0.0775013882509187,0.751940180077829,0.0775013882509187,0.751940180077829,0.0744527342101664,0.734519471335318,0.0744527342101664,0.734519471335318,1
7.7,1,17.058464671136,1,17.058464671136,0.0779650882648431,0.784359805997845,0.0779650882648431,0.784359805997845,0.0749893269180438,0.7395869363811,0.0749893269180438,0.7395869363811,1
7.8,1,16.9330701505707,1,16.9330701505707,0.0783646105296924,0.816117929152872,0.0783646105296924,0.816117929152872,0.0755150613936975,0.744555630996569,0.0755150613936975,0.744555630996569,1
7.9,1,16.6668564792655,1,16.6668564792655,0.0787018203423544,0.846672258185061,0.0787018203423544,0.846672258185061,0.076030157445634,0.749433474042284,0.076030157445634,0.749433474042284,1
8,1,16.266581201058,1,16.266581201058,0.078979650786886,0.875497297283334,0.078979650786886,0.875497297283334,0.0765348306771387,0.754227970329236,0.0765348306771387,0.754227970329236,1
8.1,1,15.7416436803154,1,15.7416436803154,0.0792020583199409,0.902095169661792,0.0792020583199409,0.902095169661792,0.077029292557282,0.758946107041052,0.077029292557282,0.758946107041052,1
8.2,1,15.1038693449338,1,15.1038693449338,0.079373957159658,0.92600599062115,0.079373957159658,0.92600599062115,0.0775137504861124,0.763594260786291,0.0775137504861124,0.763594260786291,1
8.3,1,14.3672470372713,1,14.3672470372713,0.0795011335928483,0.946817576188547,0.0795011335928483,0.946817576188547,0.0779884078545707,0.7681781170684,0.0779884078545707,0.7681781170684,1
8.4,1,13.547625238071,1,13.547625238071,0.0795901417320494,0.964174284610307,0.0795901417320494,0.964174284610307,0.0784534640997233,0.772702603691386,0.0784534640997233,0.772702603691386,1
8.5,1,12.6623737026938,1,12.6623737026938,0.0796481826439802,0.977784803458974,0.0796481826439802,0.977784803458974,0.0789091147559658,0.777171839321814,0.0789091147559658,0.777171839321814,1
8.6,1,11.7300176835689,1,11.7300176835689,0.0796829691259817,0.987428714539464,0.0796829691259817,0.987428714539464,0.0793555515028887,0.781589098108707,0.0793555515028887,0.781589098108707,1
8.7,1,10.7698523962233,1,10.7698523962233,0.0797025787196558,0.992961691786464,0.0797025787196558,0.992961691786464,0.0797929622105226,0.785956790928887,0.0797929622105226,0.785956790928887,1
8.8,1,9.80154571028997,1,9.80154571028997,0.0797152978143618,0.994319213507552,0.0797152978143618,0.994319213507552,0.0802215309826928,0.790276463483243,0.0802215309826928,0.790276463483243,1
8.9,1,8.84473720653096,1,8.84473720653096,0.0797294599017074,0.991518699146853,0.0797294599017074,0.991518699146853,0.0806414381992122,0.79454881112631,0.0806414381992122,0.79454881112631,1
9,1,7.91864173453686,1,7.91864173453686,0.0797532811908935,0.984660011666994,0.0797532811908935,0.984660011666994,0.0810528605576231,0.798773709974261,0.0810528605576231,0.798773709974261,1
9.1,1,7.04166543513065,1,7.04166543513065,0.0797946968801574,0.973924299069107,0.0797946968801574,0.973924299069107,0.0814559711151717,0.802950263511865,0.0814559711151717,0.802950263511865,1
9.2,1,6.23104186166899,1,6.23104186166899,0.0798612013992367,0.959571181851661,0.0798612013992367,0.959571181851661,0.0818509393316549,0.807076863613385,0.0818509393316549,0.807076863613385,1
9.3,1,5.50249535362154,1,5.50249535362154,0.0799596958906994,0.941934326685574,0.0799596958906994,0.941934326685574,0.0822379311137246,0.811151264611954,0.0822379311137246,0.811151264611954,1
9.4,1,4.8699381952098,1,4.8699381952098,0.0800963460844329,0.921415479580914,0.0800963460844329,0.921415479580914,0.0826171088611724,0.815170668801907,0.0826171088611724,0.815170668801907,1
9.5,1,4.34520734540726,1,4.34520734540726,0.0802764535411835,0.898477063668484,0.0802764535411835,0.898477063668484,0.0829886315156383,0.819131821543745,0.0829886315156383,0.819131821543745,1
9.6,1,3.93784566955555,1,3.93784566955555,0.0805043430007523,0.87363347676278,0.0805043430007523,0.87363347676278,0.0833526546121107,0.823031113965763,0.0833526546121107,0.823031113965763,1
9.7,1,3.65493165560217,1,3.65493165560217,0.0807832682725031,0.84744125148638,0.0807832682725031,0.84744125148638,0.0837093303334935,0.826864691123065,0.0837093303334935,0.826864691123065,1
9.8,1,3.50096057954237,1,3.50096057954237,0.0811153387556789,0.820488265337815,0.0811153387556789,0.820488265337815,0.084058807568425,0.830628563385962,0.084058807568425,0.830628563385962,1
9.9,1,3.4777790163212,1,3.4777790163212,0.0815014682811929,0.793382209148182,0.0815014682811929,0.793382209148182,0.0844012319724395,0.834318718786984,0.0844012319724395,0.834318718786984,1
10,1,3.58457349628991,1,3.58457349628991,0.0819413475326092,0.76673853943555,0.0819413475326092,0.76673853943555,0.0847367460324674,0.837931234059265,0.0847367460324674,0.837931234059265,1
10.1,1,3.81791300572987,1,3.81791300572987,0.0824334408403279,0.741168152845742,0.0824334408403279,0.741168152845742,0.0850654891345776,0.841462382148368,0.0850654891345776,0.841462382148368,1
10.2,1,4.17184394526157,1,4.17184394526157,0.0829750076586186,0.717265028863552,0.0829750076586186,0.717265028863552,0.0853875976347736,0.844908734073294,0.0853875976347736,0.844908734073294,1
10.3,1,4.63803511389158,1,4.63803511389158,0.0835621485396737,0.69559409008141,0.0835621485396737,0.69559409008141,0.0857032049325752,0.84826725314799,0.0857032049325752,0.84826725314799,1
10.4,1,5.2059692997684,1,5.2059692997684,0.0841898749221808,0.676679527411412,0.0841898749221808,0.676679527411412,0.0860124415470348,0.85153537974912,0.0860124415470348,0.85153537974912,1
10.5,1,5.86317715076832,1,5.86317715076832,0.0848522015640596,0.660993830709804,0.0848522015640596,0.660993830709804,0.0863154351947714,0.854711105025142,0.0863154351947714,0.854711105025142,1
10.6,1,6.59550818638291,1,6.59550818638291,0.0855422599799099,0.64894775343997,0.0855422599799099,0.64894775343997,0.0866123108695454,0.857793032181358,0.0866123108695455,0.857793032181358,1
10.7,1,7.38743311248354,1,7.38743311248354,0.0862524308030492,0.640881423420705,0.0862524308030492,0.640881423420705,0.0869031909228478,0.860780424240334,0.0869031909228478,0.860780424240334,1
10.8,1,8.22237102543622,1,8.22237102543622,0.08697449258895,0.637056790678512,0.08697449258895,0.637056790678512,0.0871881951449384,0.863673237461386,0.0871881951449384,0.863673237461386,1
10.9,1,9.08303465212815,1,9.08303465212815,0.0876997842199454,0.637651578326097,0.0876997842199454,0.637651578326097,0.087467440845748,0.866472139900721,0.087467440845748,0.866472139900721,1
11,1,9.95178647530551,1,9.95178647530551,0.0884193777679289,0.642754873690338,0.0884193777679289,0.642754873690338,0.0877410429350393,0.869178514899144,0.0877410429350393,0.869178514899144,1
11.1,1,10.8109984438146,1,10.8109984438146,0.0891242584290831,0.652364465155454,0.0891242584290831,0.652364465155454,0.0880091140012292,0.87179444959077,0.0880091140012292,0.87179444959077,1
11.2,1,11.6434079664672,1,11.6434079664672,0.089805507967946,0.666385995981657,0.089805507967946,0.666385995981657,0.0882717643882811,0.874322708827692,0.0882717643882811,0.874322708827691,1
11.3,1,12.4324630348752,1,12.4324630348752,0.0904544880015916,0.684633970372751,0.0904544880015916,0.684633970372751,0.0885291022701069,0.876766695206018,0.0885291022701069,0.876766695206018,1
11.4,1,13.1626496103083,1,13.1626496103083,0.091063019421212,0.706834610006872,0.091063019421212,0.706834610006872,0.0887812337219499,0.879130396152331,0.0887812337219499,0.879130396152331,1
11.5,1,13.8197948351739,1,13.8197948351739,0.0916235542893544,0.732630521850757,0.0916235542893544,0.732630521850757,0.0890282627882694,0.881418319281115,0.0890282627882694,0.881418319281115,1
11.6,1,14.3913401811653,1,14.3913401811653,0.0921293366664022,0.76158710110143,0.0921293366664022,0.76158710110143,0.0892702915467052,0.883635417458149,0.0892702915467052,0.883635417458148,1
11.7,1,14.8665793111065,1,14.8665793111065,0.0925745490080097,0.793200557291068,0.0925745490080097,0.793200557291068,0.0895074201677626,0.885787005198046,0.0895074201677626,0.885787005198046,1
11.8,1,15.2368561954899,1,15.2368561954899,0.0929544410330326,0.826907417686049,0.0929544410330326,0.826907417686049,0.0897397469699331,0.887878668182433,0.0897397469699331,0.887878668182433,1
11.9,1,15.4957198712574,1,15.4957198712574,0.093265438284533,0.862095330813503,0.093265438284533,0.862095330813503,0.0899673684700428,0.889916167805841,0.0899673684700428,0.889916167805841,1
12,1,15.6390331416031,1,15.6390331416031,0.093505227988803,0.898114964916481,0.093505227988803,0.898114964916481,0.0901903794286998,0.891905342737247,0.0901903794286998,0.891905342737247,1
12.1,1,15.6650334724389,1,15.6650334724389,0.0936728202519157,0.934292771970844,0.0936728202519157,0.934292771970844,0.0904088728907987,0.893852009525042,0.0904088728907987,0.893852009525042,1
12.2,1,15.5743453238893,1,15.5743453238893,0.0937685831118249,0.969944368120023,0.0937685831118249,0.969944368120023,0.0906229402211206,0.895761864271651,0.0906229402211206,0.895761864271651,1
12.3,1,15.369944143653,1,15.369944143653,0.0937942504772636,1.0043882664413,0.0937942504772636,1.0043882664413,0.0908326711351518,0.897640387361615,0.0908326711351518,0.897640387361615,1
12.4,1,15.0570732232811,1,15.0570732232811,0.093752902522623,1.03695968819928,0.093752902522623,1.03695968819928,0.0910381537253216,0.899492753144818,0.0910381537253216,0.899492753144818,1
12.5,1,14.6431155588186,1,14.6431155588186,0.0936489186600058,1.06702417441786,0.0936489186600058,1.06702417441786,0.0912394744829369,0.90132374635685,0.0912394744829369,0.90132374635685,1
12.6,1,14.1374237451797,1,14.1374237451797,0.0934879037647352,1.09399072085278,0.0934879037647352,1.09399072085278,0.0914367183161582,0.903137686904059,0.0914367183161582,0.903137686904059,1
12.7,1,13.5511117516619,1,13.5511117516619,0.093276588877579,1.11732416630341,0.093276588877579,1.11732416630341,0.0916299685644229,0.904938364455032,0.0916299685644229,0.904938364455032,1
12.8,1,12.8968131582969,1,12.8968131582969,0.0930227081346934,1.13655657658224,0.0930227081346934,1.13655657658224,0.0918193070097765,0.906728984067245,0.0918193070097765,0.906728984067245,1
12.9,1,12.1884110653493,1,12.1884110653493,0.0927348541739422,1.1512973841689,0.0927348541739422,1.1512973841689,0.0920048138856147,0.908512123841985,0.0920048138856147,0.908512123841985,1
13,1,11.4407454093926,1,11.4407454093926,0.0924223147234654,1.16124206630793,0.0924223147234654,1.16124206630793,0.0921865678833699,0.910289705347279,0.0921865678833699,0.910289705347279,1
13.1,1,10.6693038195945,1,10.6693038195945,0.0920948934855001,1.16617917165737,0.0920948934855001,1.16617917165737,0.0923646461577041,0.91206297728293,0.0923646461577041,0.91206297728293,1
13.2,1,9.88990242022061,1,9.88990242022061,0.0917627187767911,1.1659955370516,0.0917627187767911,1.1659955370516,0.0925391243307731,0.913832512589169,0.0925391243307731,0.91383251258917,1
13.3,1,9.11836312567213,1,9.11836312567213,0.0914360436688259,1.16067957091362,0.0914360436688259,1.16067957091362,0.0927100764961334,0.915598218926648,0.0927100764961334,0.915598218926648,1
13.4,1,8.37019398107164,1,8.37019398107164,0.0911250415802456,1.1503225176667,0.0911250415802456,1.1503225176667,0.092877575222848,0.917359362185855,0.092877575222848,0.917359362185855,1
13.5,1,7.6602789756706,1,7.6602789756706,0.0908396014051604,1.1351176574185,0.0908396014051604,1.1351176574185,0.0930416915603247,0.919114602424195,0.0930416915603247,0.919114602424195,1
13.6,1,7.00258350201394,1,7.00258350201394,0.0905891263113049,1.11535743643692,0.0905891263113049,1.11535743643692,0.0932024950443902,0.920862041383799,0.0932024950443902,0.920862041383799,1
13.7,1,6.40988125725843,1,6.40988125725843,0.090382340309182,1.09142856568597,0.090382340309182,1.09142856568597,0.0933600537050579,0.922599280517712,0.0933600537050579,0.922599280517712,1
13.8,1,5.89350789310491,1,5.89350789310491,0.0902271065773923,1.06380516610379,0.0902271065773923,1.06380516610379,0.0935144340763989,0.924323488250533,0.0935144340763989,0.924323488250533,1
13.9,1,5.46314612847937,1,5.46314612847937,0.0901302613317445,1.03304007954405,0.0901302613317445,1.03304007954405,0.0936657012088655,0.926031475025922,0.0936657012088655,0.926031475025922,1
14,1,5.12664635735188,1,5.12664635735188,0.0900974667496591,0.999754502541279,0.0900974667496591,0.999754502541279,0.0938139186843532,0.92771977455067,0.0938139186843532,0.927719774550669,1
14.1,1,4.88988602756293,1,4.88988602756293,0.0901330861116097,0.964626135508154,0.0901330861116097,0.964626135508154,0.0939591486342159,0.929384729535924,0.0939591486342159,0.929384729535924,1
14.2,1,4.75667025124914,1,4.75667025124914,0.0902400839042169,0.928376071884621,0.0902400839042169,0.928376071884621,0.0941014517603784,0.931022580162567,0.0941014517603784,0.931022580162567,1
14.3,1,4.728675250468,1,4.728675250468,0.0904199531528775,0.891754679454851,0.0904199531528775,0.891754679454851,0.0942408873596134,0.932629553460629,0.0942408873596134,0.932629553460629,1
14.4,1,4.80543536063505,1,4.80543536063505,0.0906726717244958,0.855526748926748,0.0906726717244958,0.855526748926748,0.0943775133509753,0.934201951792541,0.0943775133509753,0.934201951792541,1
14.5,1,4.98437342743764,1,4.98437342743764,0.090996688773149,0.820456202420076,0.090996688773149,0.820456202420076,0.0945113863063101,0.935736238666513,0.0945113863063102,0.935736238666513,1
14.6,1,5.26087355795133,1,5.26087355795133,0.0913889419044038,0.787290666325183,0.0913889419044038,0.787290666325183,0.0946425614836887,0.937229120178252,0.0946425614836887,0.937229120178252,1
14.7,1,5.62839434131536,1,5.62839434131536,0.0918449050192997,0.756746218778881,0.0918449050192997,0.756746218778881,0.094771092863541,0.938677620484838,0.094771092863541,0.938677620484838,1
14.8,1,6.07861985530786,1,6.07861985530786,0.0923586661789407,0.72949262158008,0.0923586661789407,0.72949262158008,0.0948970331872109,0.940079149851362,0.0948970331872109,0.940079149851362,1
14.9,1,6.60164503818601,1,6.60164503818601,0.0929230342176789,0.70613933968177,0.0929230342176789,0.70613933968177,0.0950204339975918,0.941431563975806,0.0950204339975918,0.941431563975806,1
15,1,7.1861913445006,1,7.1861913445006,0.0935296722394768,0.687222638520279,0.0935296722394768,0.687222638520279,0.0951413456814579,0.942733213486961,0.0951413456814579,0.942733213486961,1
15.1,1,7.81984803185439,1,7.81984803185439,0.094169255570381,0.673194030575597,0.094169255570381,0.673194030575597,0.0952598175130637,0.943982982719988,0.0952598175130637,0.943982982719988,1
15.2,1,8.48933395342866,1,8.48933395342866,0.0948316512217863,0.664410318019042,0.0948316512217863,0.664410318019042,0.0953758976985574,0.945180317099879,0.0953758976985574,0.945180317099879,1
15.3,1,9.18077436711224,1,9.18077436711224,0.0955061154552316,0.661125448535632,0.0955061154552316,0.661125448535632,0.0954896334207303,0.946325238700043,0.0954896334207303,0.946325238700043,1
15.4,1,9.87998702252605,1,9.87998702252605,0.0961815056397389,0.663484366957097,0.0961815056397389,0.663484366957097,0.0956010708836148,0.947418349786496,0.0956010708836148,0.947418349786496,1
15.5,1,10.5727716560618,1,10.5727716560618,0.0968465022659253,0.671519006856545,0.0968465022659253,0.671519006856545,0.0957102553564444,0.94846082440276,0.0957102553564444,0.94846082440276,1
15.6,1,11.2451970127364,1,11.2451970127364,0.0974898367345943,0.685146524474423,0.0974898367345943,0.685146524474423,0.0958172312164953,0.949454388291572,0.0958172312164953,0.949454388291572,1
15.7,1,11.8838796212584,1,11.8838796212584,0.0981005203770414,0.704169833078448,0.0981005203770414,0.704169833078448,0.0959220419903528,0.950401287682073,0.0959220419903528,0.950401287682073,1
15.8,1,12.4762487718674,1,12.4762487718674,0.0986680700939861,0.728280449976888,0.0986680700939861,0.728280449976888,0.0960247303931706,0.951304247690668,0.0960247303931706,0.951304247690668,1
15.9,1,13.0107924796087,1,13.0107924796087,0.0991827260221936,0.757063621815599,0.0991827260221936,0.757063621815599,0.0961253383655306,0.952166421285898,0.0961253383655306,0.952166421285898,1
16,1,13.4772796509261,1,13.4772796509261,0.0996356567529496,0.790005647428412,0.0996356567529496,0.790005647428412,0.0962239071075535,0.952991329948554,0.0962239071075535,0.952991329948554,1
16.1,1,13.8669541990158,1,13.8669541990158,0.100019147833205,0.826503272316604,0.100019147833205,0.826503272316604,0.0963204771099654,0.953782797314461,0.0963204771099654,0.953782797314461,1
16.2,1,14.1726974617142,1,14.1726974617142,0.100326769575157,0.865874985730687,0.100326769575157,0.865874985730687,0.0964150881818777,0.954544877215941,0.0964150881818777,0.954544877215941,1
16.3,1,14.3891559517114,1,14.3891559517114,0.100553520578218,0.907374011208192,0.100553520578218,0.907374011208192,0.0965077794751055,0.955281777636617,0.0965077794751055,0.955281777636617,1
16.4,1,14.5128321982822,1,14.5128321982822,0.100695943821886,0.950202745124645,0.100695943821886,0.950202745124645,0.0965985895049083,0.955997782161286,0.0965985895049083,0.955997782161287,1
16.5,1,14.5421372072312,1,14.5421372072312,0.100752212710648,0.993528366112841,0.100752212710648,0.993528366112841,0.0966875561671079,0.956697170536977,0.0966875561671079,0.956697170536977,1
16.6,1,14.4774038555065,1,14.4774038555065,0.100722185032751,1.03649931178425,0.100722185032751,1.03649931178425,0.0967747167516029,0.957384139962721,0.0967747167516029,0.957384139962721,1
16.7,1,14.3208613327474,1,14.3208613327474,0.100607423422335,1.07826229863217,0.100607423422335,1.07826229863217,0.0968601079523657,0.958062728694267,0.0968601079523657,0.958062728694267,1
16.8,1,14.0765715277899,1,14.0765715277899,0.100411181576919,1.11797954678316,0.100411181576919,1.11797954678316,0.0969437658740717,0.95873674348694,0.0969437658740717,0.958736743486941,1
16.9,1,13.7503290180596,1,13.7503290180596,0.100138356166394,1.15484586374171,0.100138356166394,1.15484586374171,0.0970257260355713,0.959409692306683,0.0970257260355713,0.959409692306683,1
17,1,13.3495270387599,1,13.3495270387599,0.0997954050619908,1.18810524066188,0.0997954050619908,1.18810524066188,0.0971060233704678,0.960084723618211,0.0971060233704678,0.960084723618211,1
17.1,1,12.8829924726743,1,12.8829924726743,0.0993902332002688,1.21706662106013,0.0993902332002688,1.21706662106013,0.0971846922251193,0.960764573412912,0.0971846922251193,0.960764573412912,1
17.2,1,12.3607934973884,1,12.3607934973884,0.0989320480640112,1.24111851519747,0.0989320480640112,1.24111851519747,0.0972617663544191,0.961451520970778,0.0972617663544191,0.961451520970778,1
17.3,1,11.794024043413,1,11.794024043413,0.0984311873954084,1.25974215340532,0.0984311873954084,1.25974215340532,0.0973372789157497,0.962147354163991,0.0973372789157497,0.962147354163991,1
17.4,1,11.1945696444096,1,11.1945696444096,0.0978989223439303,1.27252289807275,0.0978989223439303,1.27252289807275,0.0974112624615292,0.962853344908682,0.0974112624615292,0.962853344908682,1
17.5,1,10.5748595916994,1,10.5748595916994,0.0973472397794771,1.27915966638046,0.0973472397794771,1.27915966638046,0.0974837489307908,0.96357023516007,0.0974837489307908,0.96357023516007,1
17.6,1,9.94761053375347,1,9.94761053375347,0.09678860795953,1.27947215356665,0.09678860795953,1.27947215356665,0.0975547696402408,0.964298233629066,0.0975547696402408,0.964298233629066,1
17.7,1,9.32556678379355,1,9.32556678379355,0.0962357301171311,1.27340568883226,0.0962357301171311,1.27340568883226,0.0976243552752463,0.965037023179917,0.0976243552752463,0.965037023179917,1
17.8,1,8.72124261355061,1,8.72124261355061,0.095701290826169,1.26103360212976,0.095701290826169,1.26103360212976,0.0976925358811919,0.965785778652984,0.0976925358811919,0.965785778652984,1
17.9,1,8.14667171938232,1,8.14667171938232,0.0951977001949019,1.24255702913736,0.0951977001949019,1.24255702913736,0.0977593408556279,0.966543194648673,0.0977593408556279,0.966543194648673,1
18,1,7.61316885124536,1,7.61316885124536,0.0947368410330276,1.21830213273694,0.0947368410330276,1.21830213273694,0.0978247989416096,0.96730752261194,0.0978247989416096,0.96730752261194,1
18.1,1,7.13110830042099,1,7.13110830042099,0.0943298241290118,1.18871477127893,0.0943298241290118,1.18871477127893,0.0978889382225896,0.968076616375532,0.0978889382225896,0.968076616375531,1
18.2,1,6.70972355532619,1,6.70972355532619,0.0939867566619428,1.15435269578999,0.0939867566619428,1.15435269578999,0.0979517861191911,0.968847985157776,0.0979517861191911,0.968847985157776,1
18.3,1,6.35693196491573,1,6.35693196491573,0.0937165285571411,1.11587540901168,0.0937165285571411,1.11587540901168,0.0980133693881365,0.969618852870285,0.0980133693881365,0.969618852870285,1
18.4,1,6.0791877064,1,6.0791877064,0.0935266212804153,1.07403186771416,0.0935266212804153,1.07403186771416,0.0980737141235636,0.97038622247507,0.0980737141235636,0.97038622247507,1
18.5,1,5.88136574994844,1,5.88136574994844,0.0934229431575962,1.02964625510495,0.0934229431575962,1.02964625510495,0.0981328457608967,0.971146944041359,0.0981328457608967,0.971146944041359,1
18.6,1,5.76667886052115,1,5.76667886052115,0.093409694811089,0.983602091402271,0.093409694811089,0.983602091402271,0.0981907890833912,0.971897785091376,0.0981907890833912,0.971897785091376,1
18.7,1,5.73662898962771,1,5.73662898962771,0.0934892677327977,0.936824986889074,0.0934892677327977,0.936824986889074,0.0982475682314031,0.972635501792436,0.0982475682314031,0.972635501792436,1
18.8,1,5.79099370187856,1,5.79099370187856,0.0936621783736814,0.890264372227166,0.0936621783736814,0.890264372227166,0.0983032067143803,0.973356909550296,0.0983032067143803,0.973356909550296,1
18.9,1,5.9278475671714,1,5.9278475671714,0.0939270394366377,0.844874564816515,0.0939270394366377,0.844874564816515,0.0983577274255108,0.974058951585495,0.0983577274255108,0.974058951585495,1
19,1,6.1436177437275,1,6.1436177437275,0.0942805693248373,0.801595546983931,0.0942805693248373,0.801595546983931,0.0984111526589052,0.974738764129597,0.0984111526589053,0.974738764129597,1
19.1,1,6.43317229413006,1,6.43317229413006,0.094717639936489,0.761333841364359,0.094717639936489,0.761333841364359,0.09846350412914,0.975393736960452,0.09846350412914,0.975393736960452,1
19.2,1,6.78993912959725,1,6.78993912959725,0.0952313622243954,0.724943870729265,0.0952313622243954,0.724943870729265,0.098514802992933,0.976021568102744,0.0985148029929331,0.976021568102744,1
19.3,1,7.206052879659,1,7.206052879659,0.0958132081700612,0.693210183604963,0.0958132081700612,0.693210183604963,0.0985650698726845,0.976620311649994,0.0985650698726845,0.976620311649994,1
19.4,1,7.67252644680103,1,7.67252644680103,0.0964531670731057,0.666830913350537,0.0964531670731057,0.666830913350537,0.0986143248815714,0.977188417813738,0.0986143248815714,0.977188417813738,1
19.5,1,8.17944353875968,1,8.17944353875968,0.0971399333426262,0.646402817128936,0.0971399333426262,0.646402817128936,0.0986625876498564,0.977724764471776,0.0986625876498564,0.977724764471776,1
19.6,1,8.7161680837342,1,8.7161680837342,0.0978611223127383,0.632408212758924,0.0978611223127383,0.632408212758924,0.0987098773520445,0.978228679666551,0.0987098773520445,0.97822867966655,1
19.7,1,9.27156613287653,1,9.27156613287653,0.0986035100036969,0.625204096282532,0.0986035100036969,0.625204096282532,0.098756212734505,0.978699954693123,0.098756212734505,0.978699954693123,1
19.8,1,9.83423564525317,1,9.83423564525317,0.0993532922255491,0.62501368186525,0.0993532922255491,0.62501368186525,0.0988016121431671,0.979138847610043,0.0988016121431671,0.979138847610043,1
19.9,1,10.3927394363744,1,10.3927394363744,0.100096357984548,0.631920559136318,0.100096357984548,0.631920559136318,0.0988460935508963,0.979546077201555,0.0988460935508963,0.979546077201555,1
20,1,10.9358365537279,1,10.9358365537279,0.10081857181325,0.645865612160686,0.10081857181325,0.645865612160686,0.098889674584166,0.979922807612232,0.098889674584166,0.979922807612232,1
20.1,1,11.452707420946,1,11.452707420946,0.101506059411193,0.666646789896679,0.101506059411193,0.666646789896679,0.0989323725486537,0.980270624061297,0.0989323725486537,0.980270624061297,1
20.2,1,11.9331682637622,1,11.9331682637622,0.102145490859999,0.693921761297596,0.102145490859999,0.693921761297596,0.098974204453413,0.980591500219956,0.098974204453413,0.980591500219956,1
20.3,1,12.3678705913909,1,12.3678705913909,0.102724355668418,0.727213430282812,0.102724355668418,0.727213430282812,0.0990151870333022,0.980887757997548,0.0990151870333022,0.980887757997548,1
20.4,1,12.7484818502627,1,12.7484818502627,0.103231224010343,0.765918227792259,0.103231224010343,0.765918227792259,0.0990553367693855,0.981162020628051,0.0990553367693855,0.981162020628051,1
20.5,1,13.0678437854223,1,13.0678437854223,0.103655988741333,0.809317041218394,0.103655988741333,0.809317041218394,0.0990946699070632,0.981417160074749,0.0990946699070632,0.981417160074749,1
20.6,1,13.3201055291517,1,13.3201055291517,0.103990083113272,0.85658858684241,0.103990083113272,0.85658858684241,0.0991332024717343,0.981656239875237,0.0991332024717343,0.981656239875237,1
20.7,1,13.5008289761038,1,13.5008289761038,0.104226669546816,0.90682497961336,0.104226669546816,0.90682497961336,0.0991709502818406,0.981882454629613,0.0991709502818406,0.981882454629613,1
20.8,1,13.6070645879584,1,13.6070645879584,0.104360795359433,0.95904920776962,0.104360795359433,0.95904920776962,0.0992079289591972,0.982099067390225,0.0992079289591972,0.982099067390225,1
20.9,1,13.6373963861401,1,13.6373963861401,0.104389511973261,1.01223417840236,0.104389511973261,1.01223417840236,0.0992441539365629,0.982309346240868,0.0992441539365629,0.982309346240868,1
21,1,13.5919555256996,1,13.5919555256996,0.104311954829868,1.06532296499107,0.104311954829868,1.06532296499107,0.0992796404624618,0.982516501356549,0.0992796404624618,0.982516501356549,1
21.1,1,13.4724024840723,1,13.4724024840723,0.104129382004904,1.11724985997303,0.104129382004904,1.11724985997303,0.0993144036033155,0.982723623812006,0.0993144036033155,0.982723623812007,1
21.2,1,13.2818785320746,1,13.2818785320746,0.103845170329752,1.1669618151787,0.103845170329752,1.1669618151787,0.099348458243002,0.98293362735889,0.099348458243002,0.982933627358891,1
21.3,1,13.0249277684586,1,13.0249277684586,0.103464768673616,1.21343984095771,0.103464768673616,1.21343984095771,0.0993818190799987,0.983149194319028,0.0993818190799987,0.983149194319029,1
21.4,1,12.7073915814032,1,12.7073915814032,0.102995608901295,1.2557199313627,0.102995608901295,1.2557199313627,0.0994145006223187,0.983372726646313,0.0994145006223187,0.983372726646313,1
21.5,1,12.3362779390366,1,12.3362779390366,0.102446975881929,1.29291308800291,0.102446975881929,1.29291308800291,0.0994465171804841,0.983606303094534,0.0994465171804842,0.983606303094535,1
21.6,1,11.9196083959967,1,11.9196083959967,0.101829838764816,1.32422402911066,0.101829838764816,1.32422402911066,0.0994778828588179,0.983851643295517,0.0994778828588179,0.983851643295518,1
21.7,1,11.4662461248794,1,11.4662461248794,0.101156646542921,1.34896819278389,0.101156646542921,1.34896819278389,0.0995086115453626,0.984110079404058,0.0995086115453626,0.984110079404058,1
21.8,1,10.9857086322965,1,10.9857086322965,0.100441091676226,1.36658667391186,0.100441091676226,1.36658667391186,0.0995387169007582,0.984382535806536,0.0995387169007582,0.984382535806537,1
21.9,1,10.4879690927685,1,10.4879690927685,0.0996978462298934,1.37665877242034,0.0996978462298934,1.37665877242034,0.099568212346426,0.984669517222051,0.099568212346426,0.984669517222052,1
22,1,9.98325042505393,1,9.98325042505393,0.0989422755819773,1.37891187549578,0.0989422755819773,1.37891187549578,0.0995971110524126,0.98497110535196,0.0995971110524126,0.984971105351961,1
22.1,1,9.48181634169691,1,9.48181634169691,0.0981901352589595,1.37322844752206,0.0981901352589595,1.37322844752206,0.099625425925251,0.985286964059372,0.099625425925251,0.985286964059372,1
22.2,1,8.99376362225451,1,8.99376362225451,0.0974572568538185,1.35964995761892,0.0974572568538185,1.35964995761892,0.0996531695961886,0.985616352887934,0.0996531695961886,0.985616352887934,1
22.3,1,8.5288197942931,1,8.5288197942931,0.0967592292613748,1.33837763482473,0.0967592292613748,1.33837763482473,0.0996803544101186,0.98595814856269,0.0996803544101186,0.98595814856269,1
22.4,1,8.096150256001,1,8.096150256001,0.0961110816226089,1.30977000394122,0.0961110816226089,1.30977000394122,0.0997069924155319,0.986310873958105,0.0997069924155319,0.986310873958105,1
22.5,1,7.70417864401294,1,7.70417864401294,0.0955269743990546,1.27433721961303,0.0955269743990546,1.27433721961303,0.0997330953557816,0.986672733872714,0.0997330953557816,0.986672733872715,1
22.6,1,7.36042394521329,1,7.36042394521329,0.095019904898382,1.2327322810596,0.095019904898382,1.2327322810596,0.0997586746619184,0.987041656819039,0.0997586746619184,0.987041656819039,1
22.7,1,7.07135747876858,1,7.07135747876858,0.094601433343616,1.1857392737064,0.094601433343616,1.1857392737064,0.0997837414473217,0.987415341923901,0.0997837414473217,0.9874153419239,1
22.8,1,6.8422824426239,1,6.8422824426239,0.0942814352244335,1.13425884547607,0.0942814352244335,1.13425884547607,0.0998083065043082,0.987791309940256,0.0998083065043082,0.987791309940256,1
22.9,1,6.67723823649244,1,6.67723823649244,0.0940678851955249,1.0792911834325,0.0940678851955249,1.0792911834325,0.0998323803028582,0.988166957298722,0.0998323803028582,0.988166957298722,1
23,1,6.57893125120391,1,6.57893125120391,0.0939666772024759,1.02191680961651,0.0939666772024759,1.02191680961651,0.0998559729915515,0.988539612076502,0.0998559729915515,0.988539612076502,1
23.1,1,6.5486932630969,1,6.5486932630969,0.0939814848307106,0.963275562148766,0.0939814848307106,0.963275562148766,0.0998790944007605,0.988906590734087,0.0998790944007605,0.988906590734087,1
23.2,1,6.58646800335877,1,6.58646800335877,0.0941136651005706,0.904544167991296,0.0941136651005706,0.904544167991296,0.0999017540480963,0.989265254466309,0.0999017540480964,0.989265254466309,1
23.3,1,6.69082589749824,1,6.69082589749824,0.09436220808631,0.846912846269288,0.09436220808631,0.846912846269288,0.0999239611460605,0.989613064033888,0.0999239611460605,0.989613064033887,1
23.4,1,6.85900640114567,1,6.85900640114567,0.0947237338350151,0.79156140502563,0.0947237338350151,0.79156140502563,0.0999457246118055,0.989947631983839,0.0999457246118055,0.989947631983839,1
23.5,1,7.08698680655421,1,7.08698680655421,0.0951925371208475,0.739635309141904,0.0951925371208475,0.739635309141904,0.0999670530788677,0.99026677123102,0.0999670530788677,0.990266771231019,1
23.6,1,7.36957587049736,1,7.36957587049736,0.0957606796091855,0.692222202520175,0.0957606796091855,0.692222202520175,0.0999879549106924,0.990568539057072,0.0999879549106924,0.990568539057072,1
23.7,1,7.70053012902981,1,7.70053012902981,0.0964181280433887,0.650329363276601,0.0964181280433887,0.650329363276601,0.100008438215738,0.99085127568525,0.100008438215738,0.99085127568525,1
23.8,1,8.07269032722225,1,8.07269032722225,0.0971529361234708,0.614862556641264,0.0971529361234708,0.614862556641264,0.100028510863911,0.991113636707768,0.100028510863911,0.991113636707768,1
23.9,1,8.47813501086251,1,8.47813501086251,0.0979514668401541,0.586606726675477,0.0979514668401541,0.586606726675477,0.100048180504066,0.991354618773916,0.100048180504066,0.991354618773916,1
24,1,8.90834800938367,1,8.90834800938367,0.0987986511782894,0.566208935189205,0.0987986511782894,0.566208935189205,0.100067454582272,0.991573578089365,0.100067454582272,0.991573578089365,1
24.1,1,9.35439629072978,1,9.35439629072978,0.0996782783281635,0.554163914936707,0.0996782783281635,0.554163914936707,0.100086340360545,0.99177024142693,0.100086340360545,0.99177024142693,1
24.2,1,9.80711449384595,1,9.80711449384595,0.10057331185819,0.55080255503662,0.10057331185819,0.55080255503662,0.100104844935722,0.991944709503418,0.100104844935722,0.991944709503418,1
24.3,1,10.2572923457959,1,10.2572923457959,0.101466225722636,0.556283580517446,0.101466225722636,0.556283580517446,0.100122975258187,0.992097452732896,0.100122975258187,0.992097452732896,1
24.4,1,10.6958611494117,1,10.6958611494117,0.102339353516125,0.570588625993746,0.102339353516125,0.570588625993746,0.100140738150104,0.992229299520665,0.100140738150104,0.992229299520665,1
24.5,1,11.1140755835339,1,11.1140755835339,0.103175244053207,0.593520836923832,0.103175244053207,0.593520836923832,0.100158140322892,0.992341417411234,0.100158140322892,0.992341417411234,1
24.6,1,11.5036871894143,1,11.5036871894143,0.103957016154299,0.624707061984167,0.103957016154299,0.624707061984167,0.100175188393637,0.992435287544789,0.100175188393637,0.992435287544789,1
24.7,1,11.8571061203309,1,11.8571061203309,0.104668705464118,0.663603628197472,0.104668705464118,0.663603628197472,0.100191888900199,0.992512673007209,0.100191888900199,0.992512673007209,1
24.8,1,12.1675480020939,1,12.1675480020939,0.105295596217917,0.709505618003157,0.105295596217917,0.709505618003157,0.100208248314771,0.992575581776079,0.100208248314771,0.992575581776079,1
24.9,1,12.4291630837733,1,12.4291630837733,0.105824531103996,0.761559495917906,0.105824531103996,0.761559495917906,0.100224273055705,0.992626225067177,0.100224273055705,0.992626225067177,1
25,1,12.63714524336,1,12.63714524336,0.106244192744823,0.818778863255133,0.106244192744823,0.818778863255133,0.100239969497432,0.992666971970619,0.100239969497432,0.99266697197062,1
25.1,1,12.7878188438669,1,12.7878188438669,0.106545350827592,0.8800630539755,0.106545350827592,0.8800630539755,0.100255343978362,0.992700301331743,0.100255343978362,0.992700301331743,1
25.2,1,12.8787019024427,1,12.8787019024427,0.106721069549131,0.944218224485467,0.106721069549131,0.944218224485467,0.100270402806668,0.992728751877712,0.100270402806668,0.992728751877712,1
25.3,1,12.9085445286151,1,12.9085445286151,0.106766870788291,1.00998053635535,0.106766870788291,1.00998053635535,0.100285152263935,0.992754871616074,0.100285152263935,0.992754871616074,1
25.4,1,12.877342097573,1,12.877342097573,0.106680849267291,1.07604098464435,0.106680849267291,1.07604098464435,0.100299598606658,0.992781167535688,0.100299598606658,0.992781167535688,1
25.5,1,12.7863231399842,1,12.7863231399842,0.106463736895839,1.14107138680797,0.106463736895839,1.14107138680797,0.100313748065643,0.992810056623856,0.100313748065643,0.992810056623857,1
25.6,1,12.637912440752,1,12.637912440752,0.10611891449016,1.20375101887032,0.10611891449016,1.20375101887032,0.100327606843396,0.99284381917649,0.100327606843396,0.992843819176491,1
25.7,1,12.4356703350691,1,12.4356703350691,0.105652370103954,1.26279336733644,0.105652370103954,1.26279336733644,0.100341181109623,0.992884555321872,0.100341181109623,0.992884555321872,1
25.8,1,12.1842096612536,1,12.1842096612536,0.105072604278952,1.31697245766543,0.105072604278952,1.31697245766543,0.100354476995001,0.992934145604206,0.100354476995002,0.992934145604207,1
25.9,1,11.889092266884,1,11.889092266884,0.104390483598001,1.36514822328515,0.104390483598001,1.36514822328515,0.10036750058342,0.992994216382493,0.10036750058342,0.992994216382494,1
26,1,11.5567073591883,1,11.5567073591883,0.103619044981569,1.40629039314723,0.103619044981569,1.40629039314723,0.100380257902897,0.993066110695227,0.100380257902897,0.993066110695227,1
26.1,1,11.1941343349324,1,11.1941343349324,0.102773254187899,1.43950040052268,0.102773254187899,1.43950040052268,0.10039275491544,0.993150865124336,0.10039275491544,0.993150865124336,1
26.2,1,10.8089930127485,1,10.8089930127485,0.101869722936644,1.46403085073161,0.101869722936644,1.46403085073161,0.100404997506084,0.993249193065108,0.100404997506084,0.993249193065108,1
26.3,1,10.4092844166645,1,10.4092844166645,0.100926389955732,1.47930213018129,0.100926389955732,1.47930213018129,0.100416991471409,0.993361474675233,0.100416991471409,0.993361474675233,1
26.4,1,10.0032254196056,1,10.0032254196056,0.0999621720329003,1.48491579265003,0.0999621720329003,1.48491579265003,0.100428742507795,0.993487753638356,0.100428742507795,0.993487753638356,1
26.5,1,9.59908064724173,1,9.59908064724173,0.098996591820044,1.4806644202062,0.098996591820044,1.4806644202062,0.100440256199724,0.993627740738427,0.100440256199724,0.993627740738427,1
26.6,1,9.20499506457278,1,9.20499506457278,0.0980493896755071,1.46653772433073,0.0980493896755071,1.46653772433073,0.100451538008375,0.993780824103561,0.100451538008375,0.993780824103561,1
26.7,1,8.82883062030962,1,8.82883062030962,0.097140127224769,1.44272472640736,0.097140127224769,1.44272472640736,0.10046259326082,0.993946085844769,0.10046259326082,0.993946085844769,1
26.8,1,8.47801020906998,1,8.47801020906998,0.0962877905640363,1.40961193432532,0.0962877905640363,1.40961193432532,0.100473427140032,0.994122324688524,0.100473427140032,0.994122324688524,1
26.9,1,8.15937203163727,1,8.15937203163727,0.0955104011177337,1.36777751197727,0.0955104011177337,1.36777751197727,0.100484044675979,0.994308084085065,0.100484044675979,0.994308084085065,1
27,1,7.87903719330434,1,7.87903719330434,0.0948246420864174,1.31798151933909,0.0948246420864174,1.31798151933909,0.100494450737985,0.994501685169009,0.100494450737985,0.994501685169009,1
27.1,1,7.64229308508232,1,7.64229308508232,0.0942455081861166,1.26115238096166,0.0942455081861166,1.26115238096166,0.100504650028543,0.994701263857112,0.100504650028543,0.994701263857112,1
27.2,1,7.45349474880221,1,7.45349474880221,0.0937859859866928,1.19836981846219,0.0937859859866928,1.19836981846219,0.10051464707874,0.994904811291755,0.10051464707874,0.994904811291755,1
27.3,1,7.31598604229185,1,7.31598604229185,0.0934567716118511,1.1308445563795,0.0934567716118511,1.1308445563795,0.100524446245394,0.995110216779153,0.100524446245394,0.995110216779153,1
27.4,1,7.23204200305099,1,7.23204200305099,0.0932660318764479,1.0598951790237,0.0932660318764479,1.0598951790237,0.100534051709982,0.995315312329585,0.100534051709982,0.995315312329585,1
27.5,1,7.20283336693305,1,7.20283336693305,0.0932192141201521,0.986922577272071,0.0932192141201521,0.986922577272071,0.100543467479406,0.995517917883643,0.100543467479406,0.995517917883643,1
27.6,1,7.22841374143703,1,7.22841374143703,0.0933189090655481,0.913382477332004,0.0933189090655481,0.913382477332004,0.100552697388586,0.995715886304018,0.100552697388586,0.995715886304018,1
27.7,1,7.30772947069384,1,7.30772947069384,0.0935647700010628,0.840756587153273,0.0935647700010628,0.840756587153273,0.100561745104854,0.995907147226413,0.100561745104854,0.995907147226413,1
27.8,1,7.43865177049592,1,7.43865177049592,0.0939534904844586,0.770522929450908,0.0939534904844586,0.770522929450908,0.100570614134062,0.996089748895513,0.100570614134062,0.996089748895513,1
27.9,1,7.61803026599592,1,7.61803026599592,0.0944788416025884,0.70412595241933,0.0944788416025884,0.70412595241933,0.100579307828312,0.996261897161537,0.100579307828312,0.996261897161537,1
28,1,7.84176664086691,1,7.84176664086691,0.0951317686305484,0.642947019620683,0.0951317686305484,0.642947019620683,0.100587829395158,0.996421990878704,0.100587829395158,0.996421990878703,1
28.1,1,8.10490671311864,1,8.10490671311864,0.09590054573204,0.588275878887642,0.09590054573204,0.588275878887642,0.100596181908103,0.996568653027354,0.100596181908103,0.996568653027354,1
28.2,1,8.40174889705732,1,8.40174889705732,0.096770986156846,0.541283696306364,0.096770986156846,0.541283696306364,0.100604368318219,0.996700756974827,0.100604368318219,0.996700756974827,1
28.3,1,8.72596669987283,1,8.72596669987283,0.0977267042449443,0.502998215595403,0.0977267042449443,0.502998215595403,0.100612391466645,0.996817447394344,0.100612391466645,0.996817447394344,1
28.4,1,9.07074264088332,1,9.07074264088332,0.0987494244634771,0.474281565871751,0.0987494244634771,0.474281565871751,0.10062025409776,0.996918155474027,0.10062025409776,0.996918155474027,1
28.5,1,9.42891077632607,1,9.42891077632607,0.0998193317050716,0.45581119253377,0.0998193317050716,0.45581119253377,0.100627958872762,0.997002608167284,0.100627958872762,0.997002608167283,1
28.6,1,9.79310486635969,1,9.79310486635969,0.10091545618488,0.448064327658015,0.10091545618488,0.448064327658015,0.100635508383418,0.997070831358719,0.100635508383418,0.997070831358719,1
28.7,1,10.1559091360105,1,10.1559091360105,0.102016085508241,0.451306348980364,0.102016085508241,0.451306348980364,0.100642905165732,0.997123146943984,0.100642905165732,0.997123146943984,1
28.8,1,10.5100085592714,1,10.5100085592714,0.10309919585778,0.465583301481327,0.10309919585778,0.465583301481327,0.100650151713275,0.997160163944929,0.100650151713275,0.997160163944929,1
28.9,1,10.8483356352869,1,10.8483356352869,0.104142893782039,0.490718774259507,0.104142893782039,0.490718774259507,0.100657250489945,0.997182763900724,0.100657250489945,0.997182763900724,1
29,1,11.1642107261248,1,11.1642107261248,0.105125859768443,0.526315239335973,0.105125859768443,0.526315239335973,0.100664203941926,0.997192080888812,0.100664203941926,0.997192080888812,1
29.1,1,11.4514731844047,1,11.4514731844047,0.106027784659131,0.571759869976512,0.106027784659131,0.571759869976512,0.100671014508647,0.997189476634452,0.100671014508647,0.997189476634452,1
29.2,1,11.7046007122685,1,11.7046007122685,0.106829790023337,0.626234765816936,0.106829790023337,0.626234765816936,0.100677684632544,0.997176511262153,0.100677684632544,0.997176511262153,1
29.3,1,11.9188146559714,1,11.9188146559714,0.10751482383518,0.688731422340449,0.10751482383518,0.688731422340449,0.100684216767469,0.997154910324737,0.100684216767469,0.997154910324737,1
29.4,1,12.0901692469754,1,12.0901692469754,0.108068023217936,0.758069194903421,0.108068023217936,0.758069194903421,0.100690613385616,0.997126528814457,0.100690613385617,0.997126528814458,1
29.5,1,12.2156231441987,1,12.2156231441987,0.108477036598708,0.832917424325264,0.108477036598708,0.832917424325264,0.100696876982863,0.99709331291442,0.100696876982863,0.99709331291442,1
29.6,1,12.2930920057163,1,12.2930920057163,0.108732298360611,0.911820813770989,0.108732298360611,0.911820813770989,0.100703010082455,0.997057260286455,0.100703010082455,0.997057260286455,1
29.7,1,12.3214812138756,1,12.3214812138756,0.108827249969959,0.993227576881713,0.108827249969959,0.993227576881713,0.100709015237002,0.99702037971303,0.100709015237002,0.99702037971303,1
29.8,1,12.3006982872747,1,12.3006982872747,0.108758502576744,1.07551981633306,0.108758502576744,1.07551981633306,0.100714895028782,0.996984650915513,0.100714895028782,0.996984650915513,1
29.9,1,12.2316449279515,1,12.2316449279515,0.108525937218869,1.15704554154186,0.108525937218869,1.15704554154186,0.100720652068396,0.996951985359118,0.100720652068396,0.996951985359118,1
30,1,12.1161890640051,1,12.1161890640051,0.108132739982107,1.2361516952198,0.108132739982107,1.2361516952198,0.100726288991814,0.996924188826679,0.100726288991814,0.996924188826679,1
